{"nodes":{"node:1":{"location":{"x":-252,"y":220}},"node:3":{"location":{"x":-500,"y":351}}},"selection":null,"view":{"scroll":{"x":-773.2044677734375,"y":-247.482208251953125},"zoom":1}}