{"nodes":{"node:1":{"location":{"x":-344,"y":140}},"node:3":{"location":{"x":-657,"y":303}}},"selection":null,"view":{"scroll":{"x":-1118.2044677734375,"y":-232.482208251953125},"zoom":1}}