{"nodes":null,"selection":null,"view":{"scroll":{"x":1362.3037109375,"y":795.1260986328125},"zoom":1}}