{"nodes":{"node:1":{"location":{"x":-252,"y":220}},"node:3":{"location":{"x":-500,"y":351}}},"selection":null,"view":{"scroll":{"x":-725.18927001953125,"y":-102.215034484863281},"zoom":1}}